keywords,header,links
"правила чата, muine, муйне, правила, чат, чаты",Правила чата,https://t.me/muine_faq/212
"телеграм, канал, группа, чат, телега, форум, нячанг, дананг, интернет, чаты, барахолка",Список чатов ,https://t.me/muine_faq/47
"банкомат, комиссия, деньги, карты, мастеркард, visa, vpbank, atm, банки, банк",Банкоматы,https://t.me/muine_faq/48
"симка, симку, симкарта, сим, связь, 3g, мобильный интернет, vinaphone, mobifone, viettel, виеттел, оператор, интернет, тариф, 4g, симкарты, SIM карта",Симкарты,https://t.me/muine_faq/17
"главный городской госпиталь, больницы, госпиталь, клиника, поликлиника, медицина, педиатр, доктор, врач, гинеколог, медпункт, лечение, перелом, рентген, болезнь, Vita clinic",Где лечиться?,https://t.me/muine_faq/10
"байк, мотобайк, скутер, мопеды, мотоцикл, мото, мотоклуб, байка, мотоцикл, электробайк, аренда, моцик, мотик",Где арендовать байк в Муйне?,https://t.me/muine_faq/12
"ключ, дубликат, копия",Где сделать копии ключей?,https://t.me/muine_faq/15
"карта, Тинькофф, без комиссии",Регистрация карты Тинькофф,https://www.tinkoff.ru/cards/debit-cards/tinkoff-black/form/3months/?utm_source=vietnam_tb&utm_medium=ntv.fix&utm_campaign=black.muine
"тусовки, кизомба, вечеринки, теннис, баскетбол, дискотека, клуб, бар, настолки, мафия, бар 17, йога, соревнования, паб, пиво, знакомства, афиша, туса,  party, dragon beach, бар, караоке",Тусовки Муйне,https://t.me/muine_faq/18
"автобус, опэнбас, лимузин, слипбас, слипер, слиппер, слип, бас",Автобус с открытой датой отправления,https://t.me/muine_faq/72
"слиппер, слипер, слип, лимузин, слипбас, бас, автобус, транспорт, трансфер, ханькафе, фута, синьтурист","Автобусы, слипербас",https://t.me/muine_faq/139
"Электробайк, байк, электроскутер, скутер, аренда",Электробайки в Муйне,https://t.me/muine_faq/78
"такси, grab, таксист, таксопарк, граб, поймать, ловить, счетчик",Такси в Муйне,https://t.me/muine_faq/20
"байк, авария, пдд, безопасность, мото, мотоцикл, трафик, дорога, упасть, вождение, водитель, мопед, скутер",Как не попасть в аварию на байке?,https://t.me/muine_faq/122
"байк, мотобайк, скутер, мопеды, мотоцикл, мото, мотоклуб, моточат, права, запчасти, два колеса",мотоклуб,https://t.me/moto_sale
"транспорт, трансфер, машина, аэропорт, хошимин, автомобиль, авто, джип, водитель, далат, баолок, хошимин, фанранг, попутчики",Трансферы в/из Муйне,https://t.me/muine_faq/19
"доставка еды, торт, пирожные, еда, доставить, доставляет, торты, пироженые, Sweet BaDu, Sweet Ba Du, баду, свит, бургер, торт, кондитер, сладости, пироженное,пироженое, пирожное, десерт, на заказ, еда, чизкейк",Доставка еды и торты на заказ от Sweet BaDu,https://t.me/muine_faq/168
"серфинг, кайтсерфинг, кайтборд, кайтбординг, кайт, серф, волна, серфборд, кайтшкола, виндсерфинг, обучение, спорт, ветер, урок, на пене, лоски",Серфинг и кайт,https://t.me/muine_faq/4
"шлем, фулфес, зашита, каска, мотошлем, мото",Шлемы,https://t.me/muine_faq/86
"ювелирный, жемчуг, драгоценности, колье, камни, изумруд, рубин, топаз, жемчужина, ювелирка",Ювелирные магазины ,https://t.me/muine_faq/23
"кокос, кокосовое, масло, коконат",Кокосовое масло: как выбирать и где покупать,https://t.me/muine_faq/25
"еда, бургер, кухня, торт, пирожное, доставка, поесть, жрать, обедать, завтрак, меню, креветки, лобстеры, морепродукты, рыба, гриль, кафе, ресторан, food, рестораны, рестораны, гриль, лобстеры, гребешки, рис, локалка, столовка, столовая, суши, пицца, пиво, пельмени, пирожки, стейк, страус, свинина, сопливчики, фудкорт, пицца, итальянский, русский, Где вкусно поесть, выечка",https://t.me/muine_delivery,https://t.me/muine_faq/134
"страховка, страхование, страховой, страховать, застрахуй, страховой случай, врач, больница, авария, полис",Про страховку,https://t.me/muine_faq/249
"запчасти, мотозапчасти, магазин, запчастей, ремонт, байк, чинить, сервис",магазины с мотозапчастями,https://t.me/muine_faq/28
"комар, насекомое, мошка, мухи",Как избавится от комаров?,https://t.me/muine_faq/30
"вода, vinhao",Какую воду покупать?,https://t.me/muine_faq/31
"аптеки, лекарства, медицина, фарма, фармакология, вита, аналог, таблетки, пилюля, мазь, бинт, йод, перекись, пластырь, беруши, левомеколь",Аптеки Муйне и аналоги лекарств,https://t.me/muine_faq/55
"69 slam, одежда, купальник, шмотки, шоппинг, шорты, майки, футболки, обувь","Купальники, плавки, пляжная и спортивная одежда",https://t.me/muine_faq/56
"оптика, линзы, очки, жидкость, глаза, диоптрии, диоптриями, солнцезащитные",Оптика в Муйне,https://t.me/muine_faq/57
"Азарт, карты, казино, игра, карточные, фишки, покер, MollysPokerClub, моллис",Азартные игры,https://t.me/muine_faq/151
"фукуй, остров",Фукуй,https://t.me/muine_faq/58
"продуктовый, магазин, продукты, сыр, молоко, гречка, овсянка, мюсли, творог, пельмени","магазин ""Молочка""",https://t.me/muine_faq/87
"биахой, пиво, био Хой, биохуй, биохой, пивная, крокодил, гриль, пивко, пивас, ресторан, еда, шашлык, стейк, страус, пивка, Где вкусно поесть",Биахой,https://t.me/muine_faq/88
"бассейн, басик, купаться",Платные бассейны в Муйне,https://t.me/muine_faq/89
"инструмент, дрель, шуруповерт, отвертка, ножовка, пила, рулетка",магазины инструментов,https://t.me/muine_faq/90
"iqos, стики, айкос, икос",Где купить стики iqos,https://t.me/muine_faq/91
"газ, газовый, баллон, плита, поменять, заменить",Замена газовых баллонов,https://t.me/muine_faq/92
"кальян, шиша, покурить, курнуть, потабачить, табак, никотин, кальянные, альфакер, дарксайд, уголь","Где купить кальяны, уголь и табак",https://t.me/muine_faq/280
"цветы, букет, розы, цветочный, флорист, арка, свадебный, свадьба",Где купить цветы?,https://t.me/muine_faq/71
"парикмахер, парикмахерские, борода, барбер, прически, стрижка, бороду, подстричь, стричь, салон, волосы, косы, дрэды, окрашивание",Где подстричься в Муйне,https://t.me/muine_faq/73
"Баня, сауна, парилка, банька, веник, хамам",Баня и сауна в Муйне,https://t.me/muine_faq/74
"чемодан, чемоданы, сумка",Где купить чемодан?,https://t.me/muine_faq/75
"индекс, почта, почтовые, почтальен, почтампт, посылка",Почта,https://t.me/muine_faq/141
"рынок, базары, торговля, посуда, гамак, инструменты, овощи, продукты, фрукты, рынки",Рынки ,https://t.me/muine_faq/22
"жемчуг, ювелирный, ювелирка, кольцо, серьги, браслет, колье, украшения, топаз, изумруд, сапфир, золото, платина, серебро",Жемчуг,https://t.me/muine_faq/23
"кофе, кофешоп, кофейный, робуста, арабика",Кофе,https://t.me/muine_faq/138
"вэйп, вейпшоп, жижа, пар, парить, вейпер, вейп",Вэйп,https://t.me/muine_faq/277
"ремонт, починить, экран, прошить, перепрошить, ноутбук, припаять",ремонт телефонов,https://t.me/muine_faq/67
"ремонт, ноутбук",ремонт ноутбуков,https://t.me/muine_faq/40
"ремонт, кондиционер, чистка, кондер, стиралная, холодильник",ремонт бытовой техники,https://t.me/muine_faq/142
"детский, магазин, для детей, дети, ребенок, детская, памперсы",детские магазины,https://t.me/muine_faq/143
"нотариус, консульство, посольство, доверенность, заверить, паспорт, загран, загранпаспорт, посол","нотариус, консульство РФ",https://t.me/muine_faq/108
"хозтовары, посуда, магазин, бытовая, химия, хамтьен, рынок, базар, клей, суперклей, стройматериалы, краска",Хозтовары,https://t.me/muine_faq/63
"мануальный, массаж",Мануальный массаж,https://t.me/muine_faq/408
"рыбалка, рыба, леска, удочка. грузило, сеть, невод, спининг, рыбацкий, магазин",Товары для рыбалки и рыбалка в Муйне,https://t.me/muine_faq/35
"фото, документы, визу, паспорт, распечатать, фотокопи, фотокопия",Фото на документы,https://t.me/muine_faq/39
"бассейн, клуб, отдых, позагорать, басик, шезлонг, пляж, пляжный, загар, песок",Пляжи,https://t.me/muine_faq/16
"молочка, у рынка, магазин, продукты, молоко, сыр, творог, мюсли, мясо, пельмени","Магазин ""Молочка""",https://t.me/muine_faq/87
"банкомат, комиссия, vpbnk, тинькофф, карта, мастеркард",Как не платить комиссию при снятии в банкомате?,https://t.me/muine_faq/265
"евро, рубли, донги, обмен, обменник, валют, валюта, баксы, долар, доллары","Где менять доллары, евро или рубли на донги?",https://t.me/muine_faq/42
"наклеек, флаеров, распечатать, принтер, ксерокс, напечатать,  распечатка, копия, копир, печать, сканер, отсканировать, скан","Печать документов, наклеек, флаеров и тд. ",https://t.me/muine_faq/44
"Гинеколог, больница, врач",Гинеколог,https://t.me/muine_faq/43
"праздники, тэт, тет, новый год, праздничные дни, лунный, новый, год",что такое Тэт?,https://t.me/muine_faq/144
"электричество, электроэнергия",Электричество,https://t.me/muine_faq/66
"квадрокоптер, дрон, dji, квадрик, коптер",Можно ли ввозить или использовать квадрокоптер во Вьетнаме ,https://t.me/muine_faq/77
"стоматология, зуб, зубной, зубные, стоматолог, дантист, парадонт, брекеты, протезирование, коронка, пломба, отбеливание",Стоматология,https://t.me/muine_faq/69
Тиматик,Тиматик,https://t.me/muine_faq/123
"рынок, базар, фрукт, фруктовые, овощи, манго, бананы, авокадо, арбуз, дуриан, маракуйа, папайя, драгонфрут, тропические",Где купить фрукты?,https://t.me/muine_faq/79
"денге, лихорадка, болезнь, заболевание, лечить, лечение",Про лихорадку денге,https://t.me/muine_faq/52
"телефон, электроника, ipone, айфон, смартфон, apple, ноутбук, ноут, комп, компьютер, стралка, стиральная, бытовая, техника, переходник, зарядка, зарядное, самсунг, сяоми",Где купить телефон и другую электронику в Муйне?,https://t.me/muine_faq/54
"авиабилеты, билеты, авиа, чартер, перелет, транзит, самолет, авиакомпания, аэрофлот",Авиабилеты во Вьетнам и обратно,https://t.me/muine_faq/60
"пряжа, ткани, ткань, нитки, иголки, крючки, рукоделье, крючок, вязальный",Товары для шитья и вязания,https://t.me/muine_faq/68
"Художественные магазины, художественный, магазины, холст, краска, кисть, кисточка, акварель, подрамник",Художественные магазины,https://t.me/muine_faq/80
"дети, досуг, парк, сквер, фантьет, фантик",Сквер в Фантьете ,https://t.me/muine_faq/81
"Vietnamobile, вьетнамобайл, оператор, симка",Vietnamobile,https://t.me/muine_faq/145
"будда, гора таку, муйнетаку, таку, гора, автобус, достопримечательность, экскурсии",До горы Таку на автобусах,https://t.me/muine_faq/135
"рыбацкая, рыбаки, рынок морепродуков, креветки, кальмары, тазики, закат, море, рыба, лобстеры, раушки, гребешки, гриль, достопримечательность",Рыбацкая деревня Муйне,https://t.me/muine_faq/130
"кит, храм, кита, достопримечательность, храмы, экскурсии, экскурсия",Храм Кита в Фантьете,https://t.me/muine_faq/127
"ручей, фей, на ручье, ручья, достопримечательность, минизоопарк, зоопарк, река, речка, водопад, обезьяны, обезьяна, дикообраз, питон, голуби, крокодил, крокодилы, дети, экскурсия, экскурсии",Ручей Фей,https://t.me/muine_faq/126
"фудкорт, еда, ресторан, кафе, ужин, ужинать, вок, гриль, стейк, крокодил, wok, индийская",Фудкорт,https://t.me/muine_faq/85
"ручей фей, ручей, фей, фея, на ручье, ручья, достопримечательность, минизоопарк, зоопарк, река, речка, водопад, обезьяны, обезьяна, дикообраз, питон, голуби, крокодил, крокодилы, дети",минизоопарк Vita Garden Mini-Zoo,https://t.me/muine_faq/125
"Гора Таку, достопримечательности, гора, горы, таку, будда, лежачий, храм, фуникулер",Гора Таку,https://t.me/muine_faq/120
"Маяк Кега, на маяк, маяке, маяки, маяк, остров, лестница на маяк, кега, достопримечательности",Маяк Кега,https://t.me/muine_faq/118
"Чамские Башни в Муйне, чамы, чамские, башня,башни, храм, история, достопримечательности",Чамские Башни в Муйне,https://t.me/muine_faq/116
"Озеро Лотосов, достопримечательности, дюны, озеро, лотус, лотос",Озеро Лотосов,https://t.me/muine_faq/115
"Красные дюны, красные, пески, пустыня, дюна, бархан, достопримечательности",Красные дюны,https://t.me/muine_faq/113
"От зуда, после укуса песчаных блох, блохи, мошка, комары, насекомые, мазь, лекарства, аптека",От зуда после укуса песчаных блох ,https://t.me/muine_faq/112
"приказ, права, документ, водительские, водительское",Права международные действуют? ,https://t.me/muine_faq/103
"VPBank, Тинькофф, тиньков, банкомат, atm, снять, деньги, наличные, фантьет, комиссия, мастеркард, кредитная карта",VPBank с карт Тинькофф без комиссии,https://t.me/muine_faq/265
"приказ, конвенция, принятие конвекции",приказ о принятии конвенции,https://t.me/muine_faq/103
"дети, развлекательный, зоопарк, развлечение, минизоопарк",куда пойти с детьми в муйне?,https://t.me/muine_faq/100
"Далат, транспорт, автобус, далатмуйне",Из Далата в Муйне ,https://t.me/muine_faq/99
"от горла, горло, болит, простыл, простужен, лекарства",Спрей для горла,https://t.me/muine_faq/98
"горло, болит, простыл, простужен, лекарства, простыл, простужен","Что купить из натуральных лекарств во вьетнамской аптеке, если вы простыли?",https://t.me/muine_faq/95
"осадки, график, осадков, волны, море, погода, тайфун, цунами, молния, дождь, дожди, гроза",Как часто идут дожди? График осадков,https://t.me/muine_faq/158
"viettel, виеттель, тариф, симка, симкарта, оператор",новый тариф viettel,https://t.me/muine_faq/160
"тренер, спорт, фитнес, акробатика, министр спорта, тимур, спортзал, спортзалы, тренажерный",Тренер,https://t.me/muine_faq/153
"йога, спорт, спортивный, трехглазые, трехглазый, веган",Йога,https://t.me/muine_faq/107
"столовка, хайвей, столовка, столовая, первый, точка","Первый поворот на хайвей, столовка",https://goo.gl/maps/Xp3ecwpMnRPiBfoLA
"тату, татуировка, татуировать, шрамы, перекрыть, эскиз, Slava Kroc13",Тату в Муйне,https://t.me/muine_faq/180
"спорт, спортзал, зал, залы, тренажерный, тренажер, тренер, штанга, штангу",спортзалы в Муйне,https://telegra.ph/Sportzaly-trenazhernye-zaly-12-18
"батуты, батуты, батут, спотзал, спорт, турники, йога, бокс, танцы, тренер, тенажор, тренажеры, прыгать, прыжки, растяжка, латино, спортивные, на спорте",Батутный центр Jump Arena,https://t.me/muine_faq/182
"жилье, аренда, гест, недвижимость, вилла, дом, гестхаус, апарты, квартира, дом, квартиру, снять, жильё",чат об аренде жилья,https://t.me/muine_faq/183
"windsurf, windsurfing, серффою, surf4you, виндсерф, верер, парус, парусный, спорт, SurfForYou, ветер, волна, волны",SURF4YOU школа виндсерфинга,https://t.me/muine_faq/185
"Реклама в боте, реклама в чатах, чат, чаты, телеграм, канал, реклама, дизайн, телега, сотрудничество, партнерство","Реклама в боте, в чатах и соцсетях. Пишите -",https://t.me/usinghelp
"детский, дети, детсад, детское, сад, садик, ребенок, няня, воспитатель, воспитатель, дедсад",Детские сады Муйне,https://t.me/muine_faq/405
"параплан, полет, Орлов, развлечения, экскурсии, развлечения, экскурсия, полетать, дельтаплан",Полет на параплане,https://t.me/muine_faq/204
"мойка, помыть",мойка в Муйне,https://goo.gl/maps/J64Zx9vijej6dypa8
"точка, вино, винный, замок, достопимечательность, достопримечательности",Винный замок,https://goo.gl/maps/fgTjFTiiN4pnfoiK6
"батуты, Impulse, скинь точка, скиньте точка, спорт, йога, танцы, бокс, спортзал",Батутный центр Jump Arena,https://g.page/trampolineMuiNe?share
"шлем, шлемы, шлемак, каска,мотоэкип, мотоэкировка, скинь точка, скиньте точка",Магазин мотоэкипа,https://goo.gl/maps/6VQtT6N6b95kqiPW8
"скиньте точка, телефон, смартфон, андроид, самсунг, купить, холодильник, стиральная машина, стиралку, стиралка, блендер",магазин электроники FPT,https://goo.gl/maps/GEf4HUaNkcv1FUK97
"Malibu Beach, малибу, вейвспот, скиньте точка, пляж",Пляж Малибу,https://goo.gl/maps/F1TFissA4YZbBuao9
"Hom Rom, Хомром, на карте, хом ром, хонррон, хомом, точка, пляж, пляжи",Пляж Хомром,https://goo.gl/maps/C2KHtNaa8oQ4sBDz9
"LOTTE Mart, фантьет, фантхиет, лотте, лоттемарт, лотте март, супермакет, магазин, кино, кинотеатр, точка, Lotte",Лоттемарт ,https://maps.app.goo.gl/iJ9cywQXM5dxQUgP9
"торговый, центр, ТЦ, соопмарт, кооп, купмарт, супермакет, магазин",Co.opmart на карте,https://goo.gl/maps/ad3qcY6fbxuiPqbj9
"мойка, автомойка, помыть, мыть, байк, отмыть, точка, скинь точка",мойка байков,https://goo.gl/maps/Ftu2wHqLG1jmfz7P9
"Заправки, бензин, бенз, азс, топливо, дизель, солярка, бензиновый, заправить, заправиться",Заправки и бензин в Муйне,https://t.me/muine_faq/65
"FUTA, фута, автобус, футабас, futa, futabus, futa bus",Офис Футабас ,https://goo.gl/maps/37vSgjoWqGpwNXLN9
"Sinh Tourist, автобус, синьтурист, SinhTourist, точка",Офис Sinh Tourist ,https://goo.gl/maps/vSbSrryNG2Cnzr8C8
"автобус, автобусы, транспорт, опэнбас, слипбас, слипер, слиппер, ханькафе, hanh cafe, точка",Офис Ханькафе ,https://goo.gl/maps/a2fqzYUwXrw3gcnR6
"права, водительские, какие нужны права, международные, категория, документы, полиция, байк",Права,https://telegra.ph/Kakie-prava-nuzhny-vo-Vetname-03-10
"байк, права, мотобайк, скутер, в аренду, байки в аренду, байк в аренду, без прав, полиция, мото, мотоцикл, байки, байков, Байки на которые не нужны права, не нужны права, водительские, водительское, удостоверение, пдд, гаи, копы, полиция, аренда байка, аренда байков",Байки на которые не нужны права!,https://t.me/muine_faq/194
"мотосервис, мото ремонт, байки, байк, мотобайк, механик, мотомеханик, механник, скутер, мопед, покраска, кастом, мотослесарь, сварка, сварочные, покасочные, сварщик, аренда байка, шиномонтаж, сто",Ремонт байков на профессиональном уровне!,https://t.me/muine_faq/195
"права, водительские, международные, категория, документы, полиция, аренда, байк",Управление байком. Права,https://t.me/muine_faq/335
"полиция, менты, песочные, копы, дорожная полиция, посты, пост, гаи, гибдд, права, объезд, песчаные, песочные, песчанные",Где стоят посты полиции?,https://t.me/muine_faq/64
"госпиталь, Анфук, анфуок, больница, точка",Госпиталь Анфук,https://maps.app.goo.gl/ABgH9yL6mm8G93mw8
"Виндсёрф, школа, SURF4YOU, винд, виндсефинг, виндсерф, виндсёрфинг, Ветратория, Пять квадратов, ветер",Виндсёрф-школы в Муйне,https://t.me/muine_faq/186
"салон красоты в Муйне, ногти, маникюр, афрокосы, афрокосички, педикюр, наращивание, укрепление, выравнивание, восстановление, ногтевой, пластины, гель-лак, все виды дизайна, мехенди, тату, татуировка, хной, опраска, ноготь, ногти, АФРОКОСИЧКИ, косы, афокосы, дреды, ШУГАРИНГ, восковая, эпиляция, эпилиовать, воск, скраб, массаж, Наращивание РЕСНИЦ, рреснички, ресницы, Коррекция, окрашивание БРОВЕЙ, бровей, брови, краска, хна, для волос, Ламинирование, ресниц, окрашивание, Ботокс, косметолог, косметология, косметика, Микроблейдинг, век, губ, пудровые, АРОКОСИЧКИ, ПИРСИНГ, нэйлбар, нейл-бар, нэйлбар, нэйл-бар, nail bar, nail-bar, nailbar,салон, салоны, маникюра, маникюру, волосы, волос, волоса, волосов, окраски, стрижки, стрижка",Cалон красоты Nail Bar,https://t.me/muine_faq/197
"обмен, какао, кофе, самогон, валюты, валюта, обменник, доллары, баксы, поменять, точка, точка, скинь, скиньте, брюсли, брюс, ли, брюс-ли, магазин",Магазинчик Брюс Ли,https://goo.gl/maps/UmnWWX3tAoGgJYTM8
"Спа в Муйне, салон, массаж, алоэ, ботаника, спа-салон, спасалон, spa, обетывание, процедуры, спа, спасалон",Спа в Муйне,https://t.me/muine_faq/201
"LOTTE Mart, фантьет, торговый центр, тц, фантхиет, лотте, лоттемарт, LOTTE Mart Phan Thiet, лотте март, Lego, супермакет, магазин, кино, кинотеатр, супермаркет, супермаркеты, магазин, продуктовый, одежда, продукты, Lotte",Немного про Лоттемарт,https://t.me/muine_faq/222
"копмарт, купмарт, кооп, коопмарт, супермаркет, супермаркеты, магазин, продуктовый, одежда, продукты, coop, coop mart, coopmart, cupmart, фантьет, фантхиет",Co.op Mart - народный супермаркет,https://t.me/muine_faq/203
"Гестхаус в Камрани, камрань, камран, в камрани, отель в камрани, гестхаус, аэропорт, в аэропорту, точка",Гестхаус в Камрани (в этом районе несколько),https://goo.gl/maps/AWiFtcL1k9voZxiUA
"хошимине, в сайгоне, паспорт, загран, загранпаспорта, заграна, документ, оформить, сделать, новый паспорт, посольство, консульство, РФ, сайгон, хошимин",Оформление заграничного паспорта в Хошимине,https://t.me/muine_faq/207
"серфинг, кайтсерфинг, кайт, серф, сёрф, серфер, серфить, волны, волна, серфборд, кайтшкола, виндсерфинг, обучение, спорт, ветер, brobar, brozadobro, развлечения, обучение, уроки, урок, волны, на пене, лоски, серфборд, серфить, сёрф, сёрфинг, джонни, аренда серфа, аренда досок, аренда доски, аренда кайта, малибу, пляж",Брозадобро - серфинг и кайт!,https://t.me/muine_faq/228
"серфинг, кайтсерфинг, кайт, серф, сёрф, серфер, серфить, волны, волна, серфборд, кайтшкола, виндсерфинг, обучение, спорт, ветер, обучение, уроки, урок, волны, на пене, лоски, серфборд, серфить, сёрф, сёрфинг, серфа, волна, ветер, чат, серфчат, кайтчат, в чате, прогноз, волнорез, малибу, дует, парусный, парусные, экстрим",Чат о кайте и серфинге,https://t.me/muine_kite
"авиабилеты, авиа, билет, билетный, самолет, перелёт",авиабилеты,https://t.me/muine_faq/60
"прачечная, прачка, стирка, постирать, химчистка, стиральная, точка",прачечная тут,https://maps.app.goo.gl/6Z6yXyYeAx2RszT86
"зелёный тур, кожа, кожаные, кожаные, кожу, шкура, шкуру, шкуры, кошелек, ремень, сумки, сумка, крокодил, кракадил, кроко, аллигатор, крокодиловый, крокодиловая, крокодилья",изделия из кожи крокодила,https://maps.app.goo.gl/61bNsEMSjTCA9pL39
"гольф, гольф-клуб, поле для гольфа, sea links",Гольф-клуб Sea links,https://maps.app.goo.gl/cKsbvm7YAoMb5fNF8
"Арарат, армянский, ресторан, еда, точка, арарат",Арарат,https://maps.app.goo.gl/iZeRXpmptqgikv4A9
"пляжный, на пляже, пляже, пляжу, пляжей, фантик",Городской пляж в Фантьете,https://goo.gl/maps/Fttqc5NW4Fvnczgd7
"чамы, чамские, башня, храм, история, достопримечательности, точка",Чамские Башни ,https://goo.gl/maps/wt1188fVtJjKLUgn7
"Вокзал, поезд, поезда, паравоз, вокзале, вокзальный, жд, железная дорога, купе, вагон",Вокзал в Фантьете,https://goo.gl/maps/dQ3JZHbukXZXqvaw6
"морепродукты, гриль, еда, точка",Буфет WoW BBQ,https://goo.gl/maps/SSosuaiEupVAQUAu6
"Yogadom Na Gore, йога, йогадом, йога-дом, йога дом, на горе, йогу, йогой, йоги",Йога-дом на горе,https://goo.gl/maps/mBuUjUNjXiWM66C78
"фрукты, вывоз",Сколько фруктов можно взять с собой в самолет?,https://t.me/muine_faq/59
"крабница, еда, морепродукты, краб, клешни, пиво, Где вкусно поесть",Крабница,https://t.me/muine_faq/36
"пиво, крафт, разливное, пивная, пивко, пивас, пивасик, бар, паб, крафтовое, разлив, свежее пиво, живое пиво, Black Cats, Black Cats BREWERY, крафтовая пивоварня, пивоварня, пивоварение, пивное, пивные, Pilsner, IPA, APA, пивка",Крафтовая пивоварня Black Cats BREWERY,https://t.me/muine_faq/213
"Веганка, на первом повороте, веган, вегетарианец, вегетарианская, веганская, ведж, вег, еда, где, точка, точка, скинь, скину",Веганка на первом повороте,https://goo.gl/maps/n7SwrCdf3grTKt629
"Веганка, на первом повороте, веган, вегетарианец, вегетарианская, веганская, ведж, вег, еда, где, точка, точка, скинь, скину, второй поворот, на хайвей",Веганка на втором повороте,https://g.page/Phap-Duyen?share
"Безлимитный буфет, еда, буфет, Буфет, BBQ, морепродукты, гриль, еда, Буфета, точка",Безлимитный буфет,https://goo.gl/maps/k2XoFbP9fhY9zaqJ9
"бар 17, точка, точка, скинь, скинуть, 17, семмнашка, ресторан, бар, паб, похмелье, похмелья, пиво",Bar 17 и Restaurant Luuly Vo,https://g.page/bar-17-and-restaraunt-luuly-vo?share
"Chillout Cafe, чилаут, чилаут, чилаут кафе, точка","Chillout Cafe
",https://goo.gl/maps/fxbTCzfZdczZLupg7
"Sindbad, синдбад, синбад, доннер, кебаб, еда, точка",Sindbad,https://g.page/kebab-shop-sindbad?share
"mrdicare, точка, медикер, беруши",Medicare ,https://goo.gl/maps/dvnV9EFEtDhRRfNq6
"минигольф, мини гольф, мини-гольф, точка",TROPICAL Mini Golf,https://goo.gl/maps/LoBGT67cqrFH1WQF9
"Kim Shop, кимшоп, ким-шоп, ким, шорты, купальники, купальник, шлепки, одежда",Kim Shop,https://goo.gl/maps/1TtDTnsY4FgcDnfA7
"Mui Mart, точка, скинуть, круглосуточный, ночной, 24 часа, магазин, магазины, в магазин, магаз",Круглосуточный Mui Mart,https://goo.gl/maps/YpaTYnZ2B9dcd6sX6
"оптика, линзы, очки, жидкость для линз, глаза, диоптрии, диопртиями, солнцезащитные, точка",Оптика ,https://g.page/minhhunghotel?share
"Хостел, Longson, точка, дорм, палатка, палатку, в хостеле, лонгсон",Хостел Longson,https://goo.gl/maps/sp4skhFW28c4xEoY6
"Мойка, автомойка, помыть, мыть, байк, отмыть, точка",Мойка в Фантике,https://maps.app.goo.gl/kZEfjHAXAaJSLThA8
"Фишермэн Шоу, шоу, точка, точка, скинь, досуг, дети, концерт, танцы, танец, Фишермэн, Фишермен  ",Фишермэн Шоу,https://goo.gl/maps/PdTFpvJApYce3hbaA
"серфинг, точка, волнорез, силинкс, силинк",волнорез,https://goo.gl/maps/aEDSDC3i4KmWy8cZ8
"музыкальный магазин, музыкальные, гитара, инструменты, инструмент, музыка, струны, струну, струна",музыкальный магазин,https://goo.gl/maps/5NpmFVzzoVDwrTt1A
"музыкальный магазин, музыкальные, гитара, инструменты, инструмент, музыка, струны, струну, струна",Еще один музыкальный ,https://goo.gl/maps/dBNhsxCQJhvG9YVP9
"музыкальный магазин, точка, музыкальные, пианино, инструменты, инструмент, музыка, струны, струну, струна, рояль",Ремонт музыкальных инструментов,https://goo.gl/maps/t6px97b68k7CRRkD8
"Музыкальные магазины, музыкальный, музыкальное, магазин, фантьет",Музыкальные магазины,https://t.me/real_muine_locals/149013
"Офис Viettel, вьеттель, вьетел, вьеттел, вител, витель, vitel, оперратор, оператора, сотовой, сотовый, связь, точка, 3g",Офис Viettel,https://goo.gl/maps/o6BrCBmENc5rH9LY8
"Vinaphone, винафон, офис, оператор",Офис Vinaphone ,https://goo.gl/maps/aQW6GYxf4tfJSMB47
"Белые дюны, белые, пески, дюны, пустыня, песок, до пустыни, квадроцикл, квадроциклы, квалррик, на квадрике",Белые дюны,https://t.me/muine_faq/229
"Все для праздников, для праздников, шары, гелевые, упаковка, подарочная, подарок, для вечеринок, точка, точка, скинь, магазин, подарки, день рождения, на день рождения, ребенку, украшения, сувениры, шарики, ленты, вседляпраздников, подарочный",Все для праздников,https://goo.gl/maps/oJ3tzRQwKKjbb3988
"виза, офис, эмминпационный, эмиграционный, имиграционный, визовый, в фантьете, просрочка визы, просрочена виза, просрочить, просрочена",Иммиграционный офис ,https://goo.gl/maps/45ihv1yJGqsQGbct7
"Фотомагазин, ремонт фото, ремонт, фотоаппаратов, фотик, сломался, фото, фото на документы, точка",Фотомагазин и ремонт фото,https://goo.gl/maps/qvKwqjo91hJBNB6r7
"страховка, страхование, страховой, страховать, застрахуй, страховочка, стаховой случай, врач, больница, авария",Приложение для страховок,https://www.tripinsurance.ru/app?partnerId=2612
"страховка, страхование, страховой, страховать, застрахуй, страховочка, стаховой случай, врач, больница, авария",Хорошая страховка,https://www.tripinsurance.ru/?partnerId=2612
"Cargo, Remote, карго, карго, точка",Cargo Remote,https://goo.gl/maps/cKX72ynZDqSGPkKp6
"Dragon Beach, драгон, бич, клуб, точка",Dragon Beach,https://g.page/DragonBeachClubLoungeBar?share
"Канцелярский, ксерокс, канцтовары, копия, канцелярия, канц товары, канцелярские, точка, магазин","Канцелярский, ксерокс",https://goo.gl/maps/YAVekgiUsGXPRRGNA
"Полицейсккий участок, полиция, милиция, копы, точка, полиции, в полицию, точка",Полицейсккий участок,https://goo.gl/maps/DteDy2Tdu5Z54r478
"Joe's, Cafe, joys cafe, jois cafe, джойс, Джо, джо кафэ, джойз кафе, джойс, ресторан, живая, музыка, живую музыку, точка",Joe's Cafe Muine,https://maps.app.goo.gl/mN54cbugtfjjwqN88
"Электронная виза в Камбоджу, камбоджа, мокбай, е-виза, электронная виза, визу, на сайте, камбоджу, камбоджийская, камбоджийский, камбоджийскую, визовый, штамп",Электронная виза в Камбоджу,https://www.evisa.gov.kh
"Чат Тусовки, туса, вечеринка, party, клуб, музыка, настолки, игры, волейбол, футбол, знакомства, у костра, барабаны, ром",Чат Тусовки,https://t.me/muine_tusa
"Нормальный Нячанг, чат, нячанг",Нормальный Нячанг,https://t.me/nhatrang_locals
"вирус, коронавирус, китай, кроновирус, пневмония",Уханьский вирус 2019-nCoV,https://ru.wikipedia.org/wiki/2019-nCoV
"рампа, скейт",Рампа,https://goo.gl/maps/JdETKaUn4p2LL49V8
"мойка, автомойка, точка",Мойка в Фантике,https://maps.app.goo.gl/kZEfjHAXAaJSLThA8
"Rhum, Chauvet, Ром, Шавье, алкоголь, ром, шавет",Rhum Chauvet (Ром Шавье),https://t.me/muine_faq/240
"торт, кондитер, сладости, пироженное,пироженое, пирожное, десерт, на заказ, еда, чизкейк, день рождения, праздник, подарок",Торты и десерты на заказ,https://t.me/muine_faq/242
"Western Union, western, вестерн, юнион, вестерн юнион, денежный перевод, банк, деньги,",Western Union,https://t.me/muine_faq/245
"mimiso, miniso, мимисо, министр, корейский, корейская",Mimiso,https://maps.app.goo.gl/cNC1Bdf1Li3Xyumr7
medicare,Medicare,https://maps.app.goo.gl/NvxwyhRKLDmNSeEA8
"мимисо, mimiso, miniso, Фантьет, точка",Mimiso в Фантьете,https://maps.app.goo.gl/Cxpmzg7QBfwXE24z8
"спорт, магазин, спортивная обувь, теннисные, теннис, кросовки, спортивный, ракетка, бадминтон, мяч",Спортивный магазин в Фантьете,https://goo.gl/maps/Cg3xJ5R8SYAAo8Nu5
"спорт, магазин, спортивная обувь, теннисные, теннис, кросовки, спортивный, ракетка, бадминтон, мяч",Спортивный магазин в Фантьете 2,https://goo.gl/maps/xg1exAFLa9wkcNEp7
"спорт, магазин, спортивная обувь, теннисные, теннис, кросовки, спортивный, ракетка, бадминтон, мяч",Спортивный магазин в Фантьете 3,https://goo.gl/maps/34VUKjXPZnzbV1Du5
"спорт, магазин, спортивная обувь, теннисные, теннис, кросовки, спортивный, тренажоры, тренажер, беговая дорожка",Магазин тренажеров в Фантьете,https://goo.gl/maps/eDbqkM2B1QHYgLBp6
"Магазин электробайков, электро, велосипед, электробайк, электровелосипед, точка",Магазин электробайков,https://goo.gl/maps/buGowKFxJXTXqRYd8
"Прокат, велосипед, велик, магазин, точка, велопрокат",Прокат хороших велосипедов в Муйне,https://goo.gl/maps/wP8J6HczmuP1d1T6A
"Веломагазин, велосипед, велик, магазин, точка, купить, где",Веломагазин в Фантьете,https://goo.gl/maps/7TzNQ8baesqS3Hpr7
"Клиника, Китайской, медицины, массаж, иглоукалывание, иглотерапия, мануальный, китайцы, доктор",Клиника Китайской медицины ,https://goo.gl/maps/LzyKYYuCZM7hHboN6
"ремонт кайтов, ремонт кайта, ремонт доски, кайт",О ремонте кайтов спрашивай тут,https://t.me/muine_kite
"Медтехника, костыль, костыли, мед техника, капельница, кресло-каталка",Медтехника,https://t.me/muine_faq/253
"кофе, чай, кофе с яйцом, пуэр, кофейня",Кофейня MuiNe Specialty Coffee,https://t.me/muine_faq/255
баланс,*100#,
"чат, женский, для девушек, маникюр, педикюр, эпиляция",Чат  для девушек,https://t.me/joinchat/JGVIZ08vMXuMxjGJYB-N2w
"Кальянная, кальян, кальяны, шиша, покурить, табак, кальянчик, кальянный, дым, RAU bakery",Кальянная от RAU bakery,https://t.me/muine_faq/257
"репелент, комар, комары, комаров, от комаров, комар, репилент",репеленты от комаров,https://t.me/muine_faq/264
"кинотеатр, лоттемарт, фильм, фильмы, Лотте, кино, кинозал",расписание фильмов в Лоттемарт,http://www.lottecinemavn.com/LCHS/Contents/Cinema/Cinema-Detail.aspx?divisionCode=1&detailDivisionCode=6&cinemaID=8011
"Рыбалка, рыба, леска, удочка. грузило, сеть, невод, спининг, пруд, озеро, точка",Рыбалка,https://goo.gl/maps/KdwN3Sk5v92vEyn89
"Рыбалка, рыба, леска, удочка. грузило, сеть, невод, спининг, пруд, озеро, точка",Рыбалка в сторону маяка,https://goo.gl/maps/t76iFS6WPr4NAzLZ6
"Сода, соду, соды, сода","Сода так и называется - SODA и продается почти везде, на рынке, в продуктовых магазинах",
"Сода, соду, соды, сода",Как выглядит сода?,https://t.me/muine_faq/273
дрожжи,Как выглядят дрожжи?,https://t.me/muine_faq/266
"Fisherman show, шоу, концерт, точка",Fisherman show,https://goo.gl/maps/mZ9vKaBX78ECWhuf8
"крокодиловая ферма, крокодил, Binh Chau, БиньЧау, источники, грязи, лечебные, точка, ферма, точка","Крокодиловая ферма и горячие источники 
Binh Chau",https://goo.gl/maps/yuxuzGMVjinkjGZLA
"3g, 4g, интернет, связь, тариф, виеттель, витель, viettel",тарифы 4g viettel,https://t.me/muine_faq/275
"Расписание, автобус, Хань Кафе, в Хошимин, в Сайгон, слипер, слипербас, график",Расписание автобусов Хань Кафе в Хошимин,https://t.me/muine_faq/278
"автобус, автобус в Муйне, автобус в Фантьет, городской автобус, маршрут",Автобусы #1 и #9 по Муйне и Фантьету,https://t.me/muine_faq/356
"аэропорт, автобус, хошимин, сайгон, 109, 152, такси, grab",Как добраться в/из аэропорта в центр Хошимина?,https://t.me/muine_faq/283
"Как узнать, свой номер, телефона, номер","*набрать USSD команду*:
Vinaphone: *110#
Vettel: *101# или *098#
Mobifone: *0#
Vietnamobile: *123#",
"кальян, шиша, покурить, курнуть, потабачить, табак, никотин, кальянные, альфакер, дарксайд, уголь",Кальянная в INDO-CHINESE CLUB,https://t.me/muine_faq/282
"крем, загар, алоэ, после загара, обгорел, ожог, солнечный",лучший крем после загара это алоэ,
"фотограф, фото, фотосессия, Марьяна, свадебная, фотография, love story",Марьяна - профессиональный фотограф в Муйне,https://t.me/muine_faq/299
"фотограф, фото, фотосессия, свадебная, фотография, love story",Фотограф - Dmitriy Styiler Moiseenko,https://t.me/muine_faq/305
"фотограф, фото, фотосессия, фотография, модель, playboy",Kostya Lelyak - фотограф Playboy,https://t.me/muine_faq/310
"фотограф, фото, фотосессия, фотография, видеосъемка, видеооператор, видео",Катя Vologda  -  фото и видео съёмка,https://t.me/muine_faq/319
"фотограф, фото, фотосессия, свадебная, фотография, love story",Наталья Самойлова - профессиональный фотограф ,https://t.me/muine_faq/365
"фотограф, фото, фотосессия, свадебная, фотография, love story",Профессиональные фотосессии от @mia_ou,https://t.me/muine_faq/377
"Доброе, утро",Доброе утро,
"аптека, Фантьет, точка",аптека в Фантьете,https://goo.gl/maps/Lgo21ymryzkiiGmD6
"Хлоргексидин, медорал, medoral, Chlorhexidine",Как выглядит хлоргексидин?,https://t.me/muine_faq/284
"медицинская, помощь, при ранении, на байке, аптека, лекарства, асфальтовая, болезнь, перекись, йод, аналоги, лекомеколь",Первая медицинская помощь при ранении на байке,https://t.me/muine_faq/336
"госпиталь, больница, точка, государственный",гос.госпиталь,https://goo.gl/maps/YdomCWUoNPB2
"мокбай, визаран, точка, фото, распечатать, на документы, анкета",распечатать фото на границе Мокбай,https://goo.gl/maps/nZkwTmcoMKv3FsQR7
"фукуй, остров",upd про Фукуй,https://telegra.ph/Fukuj-02-19
"биньчау, горячий, источник, геотермальный, санаторий, грязи, крокодиловая, ферма",Горячие источники и крокодиловая ферма ,https://telegra.ph/Binchau-hot-springs-11-15
"Love Sushi Lounge Cafe, суши, роллы, сашими, японская, ролы, еда, точка",Love Sushi ,https://goo.gl/maps/hC15PvbRmQrC8LsEA
"MOJO Cafe, суши, пицца, роллы, точка",MOJO Cafe,https://goo.gl/maps/5LymVUoPQMP4U5rv9
"Крабница, еда, морепродукты, краб, клешни, точка",Крабница,https://goo.gl/maps/vKzBTXuERBGaH3n56
"Боке в Фантьете, боке, морепродукты, креветки",Боке (набережня с ресторанами) в Фантьете,https://goo.gl/maps/hMBy84TgYbEhnxpj9
"Боке в Муйне, боке, морепродукты",Боке (набережня с ресторанами),https://g.page/bokehungphat?share
"Столовка, хайвей, столовка, столовая, первый, точка",Столовка на первом повороте,https://goo.gl/maps/anQr9M91rt9w4rcf6
"пицца, мексиканская, EL Latino
","EL Latino
",https://goo.gl/maps/a8pbF5qSGFe23nKd6
"Joe's Cafe Muine, живая музыка
","Joe's Cafe Muine
",https://goo.gl/maps/rh9fzkvWPyyb2Bvt9
"пополнить, баланс, телефон, лазада, ",пополнить баланс с карты через lazada,https://www.lazada.vn/mobilerecharge.html
"винафон, vinaphone, интернет, баланс, остаток",проверить остаток интернета на vinaphone отправьте: data на номер 888,
Доброе утро,Доброе утро,
Добрый вечер,Добрый вечер,
"ремонт обуви, ремонт, одежда, швея, обувь",ремонт обуви и одежды,https://t.me/muine_faq/82
"школа, детский, сад, школьные",страница русскоязычной школы вк,https://vk.com/club172577179
"стики, айкос, icos, точка, Фантьет, heets",Icos в Фантьете,https://goo.gl/maps/j4vpedguZsYMRtgv8
"Оформление, паспорт, загран, загранпаспорт, посольство, консул, в Хошимине",Оформление паспорта в Хошимине,https://t.me/muine_faq/381
"Экскурсия, Далат, достопримечательность, слон, водопад, чай, кофе, парк, шелк, будда",Экскурсия в Далат 28$,https://teletype.in/@muineinfo/FuTkRIFM
"Экскурсия, Муйне, Сайгон, дельта, реки, Меконг, тоннели, Кучи, Хошимин, тур, мавзолей, дворец, партизаны, шопинг","Экскурсия на 2 дня 110$! из Муйне в Сайгон, дельту реки Меконг и тоннели Кучи",https://teletype.in/@muineinfo/WCJlCRmL
"тандыр, пирожки, лепешки","тандыр, лепешки",https://maps.app.goo.gl/qmaVVN7foQS8HRCK6
"компьютерный, магазин, ноут, принтер, точка, компьютер, ноут, принтер","компьютерный магазин, ноуты, принтера",https://maps.app.goo.gl/A1JexmpiwVM51cEA9
"Как добраться до Муйне, из аэропорта, в аэропорт, транспорт, автобус, аэропорт, трансфер, слиппер",Как добраться до Муйне???,https://telegra.ph/Kak-dobratsya-do-Mujne-03-03
"типография, полиграфия, печать, распечатать, буклет, флаер, наклейки","минитипография, оперативная полиграфия",https://goo.gl/maps/7RZAeTadY2N2
Грузоперевозки,"Грузоперевозки по Муйне
Перевезти вещи можно на трицикле с кузовом или на небольшом грузовике. 
📞 0918317714  [Грузоперевозки по Муйне] (https://t.me/muine_faq/401) Английский у водителя достаточный для того чтобы договориться о времени, месте и цене. Цены зависят от выбранного транспорта, сезона, дальности расстояния, количества рейсов. Вероятно вы сможете получить лучшую цену, если попросите позвонить кого-либо из ваших вьетнамских знакомых.",
"Информация, муйне, канал, инфо",Канал с информацией о Муйне,https://t.me/muine
"лёд, лед, купить лёд",купить лёд. много льда,https://maps.app.goo.gl/LaxxUGvkQ3nnyGZF8
"флуд, флудить",ФЛУД-КОРТ,t.me/muine_tusa
"Копчености, колбаски, бекон, Доставка, еда, поесть, копчения, рыба, Говядина, карбонад","Копчености, колбаски, бекон. Доставка",https://t.me/muine_faq/430
"секонд хэнд, секонд, сэконд, обувь",обувной секонд хэнд,https://goo.gl/maps/2ihQ5F9zL9pFKbgw7
"секонд хэнд, секонд, сэконд, одежда",секонд хэнд ,https://goo.gl/maps/GFC7QT56bojFUPBV9
"Товары для шитья и вязания, швейный, ткань, нитки, пряжа, крючки, вязать, спицы, шитье",Товары для шитья и вязания,https://t.me/muine_faq/68
доставка еды,чат доставок еды,https://t.me/muine_delivery
"иммиграционный офис в Хошимине, иммиграционный, миграионный, виза, продление, офис, эмиграционный, миграшка",иммиграционный офис в Хошимине,https://g.page/Cqlxnttphcm?share
"Лечение животных, зоомагазины, ветеринар, зоомагазин, магазин, зоо, корм, корма, кошки, собаки, кот, животное, зоотовары","Лечение животных, зоомагазины, ветеринар",https://t.me/muine_faq/454
"ткани, тканей, портной, шить, ткань","Здесь разнообразие тканей для мебели, постельного белья и штор. Там же и шьют",https://goo.gl/maps/gTEbXpFC1CLLcksT7
индекс,индекс 801090,
"автобус, вунгтау, вунгтао, слипер, Vungtau",автобусы в Вунгтау 4 раза в день,https://goo.gl/maps/Sz6da1Lx2fGZ8WgY7
"прокат авто, прокат машин, автомобиль, на прокат",прокат авто,https://goo.gl/maps/yUvzW85Jj9BRH6qf9
"ПЦР, тест",ПЦР тест в Фантьете,https://maps.app.goo.gl/s5ZXE59z7s7Rayyy9
"экспресс, тест, пцр","экспресс тест в Фантьете,  7-10 минут, 160kvnd
пн-суб: 7:00 - 23:30, воскр. с 7:00 до 11:30",https://maps.app.goo.gl/gkvX8xschFEyXi2E6
"автопродления, продление визы, виза, продления виз",автопродление визы Ноябрь 2021,https://xuatnhapcanh.gov.vn/vi/tin-tuc/t%E1%BB%B1-%C4%91%E1%BB%99ng-gia-h%E1%BA%A1n-t%E1%BA%A1m-tr%C3%BA-cho-ng%C6%B0%E1%BB%9Di-n%C6%B0%E1%BB%9Bc-ngo%C3%A0i-b%E1%BB%8B-%E1%BA%A3nh-h%C6%B0%E1%BB%9Fng-b%E1%BB%9Fi-d%E1%BB%8Bch-covid-19-7
"Консульский отдел, консул, посол, посольство, консульство, консульство в Ханое","Консульский отдел Посольства России в г.Ханое
Сайт: http://www.vietnam.mid.ru
Эл.почта: kons_hanoi@inbox.ru
Круглосуточный телефон экстренной помощи Консотдела в Ханое:📞 +84 91 323 7330",